label,dataset,model,epoch,loss,val_acc,test_acc
randn_vecs,HCPAge,MBPGNN,0,0.28920357491346016,0.4392523364485981,0.3474178403755869
randn_vecs,HCPAge,MBPGNN,1,0.2849576084405784,0.411214953271028,0.37089201877934275
randn_vecs,HCPAge,MBPGNN,2,0.28737840756473926,0.3925233644859813,0.40375586854460094
randn_vecs,HCPAge,MBPGNN,3,0.2751202262888019,0.42990654205607476,0.3615023474178404
randn_vecs,HCPAge,MBPGNN,4,0.2806053462444536,0.411214953271028,0.41784037558685444
randn_vecs,HCPAge,MBPGNN,5,0.28229299807708536,0.37383177570093457,0.4131455399061033
randn_vecs,HCPAge,MBPGNN,6,0.284732184394094,0.37383177570093457,0.38497652582159625
randn_vecs,HCPAge,MBPGNN,7,0.2807288989124682,0.35514018691588783,0.43661971830985913
randn_vecs,HCPAge,MBPGNN,8,0.2793008355486313,0.40186915887850466,0.40375586854460094
randn_vecs,HCPAge,MBPGNN,9,0.28046145863180993,0.3364485981308411,0.38967136150234744
randn_vecs,HCPAge,MBPGNN,10,0.2709015602233426,0.3925233644859813,0.39436619718309857
randn_vecs,HCPAge,MBPGNN,11,0.27781754708130085,0.3925233644859813,0.3755868544600939
randn_vecs,HCPAge,MBPGNN,12,0.27301392827258014,0.32710280373831774,0.37089201877934275
randn_vecs,HCPAge,MBPGNN,13,0.2735090242136245,0.45794392523364486,0.4413145539906103
randn_vecs,HCPAge,MBPGNN,14,0.27526905864677176,0.37383177570093457,0.38028169014084506
randn_vecs,HCPAge,MBPGNN,15,0.2729022507699544,0.4392523364485981,0.4413145539906103
randn_vecs,HCPAge,MBPGNN,16,0.2664233289308996,0.411214953271028,0.4413145539906103
randn_vecs,HCPAge,MBPGNN,17,0.27510763254741694,0.42990654205607476,0.43661971830985913
randn_vecs,HCPAge,MBPGNN,18,0.27159889088381056,0.38317757009345793,0.41784037558685444
randn_vecs,HCPAge,MBPGNN,19,0.26982350309423153,0.4766355140186916,0.39436619718309857
randn_vecs,HCPAge,MBPGNN,20,0.2691975037523564,0.45794392523364486,0.38497652582159625
randn_vecs,HCPAge,MBPGNN,21,0.2691532851065565,0.5046728971962616,0.39436619718309857
randn_vecs,HCPAge,MBPGNN,22,0.2681500163654353,0.4672897196261682,0.39906103286384975
randn_vecs,HCPAge,MBPGNN,23,0.26307103865898696,0.411214953271028,0.43661971830985913
randn_vecs,HCPAge,MBPGNN,24,0.26505181101344577,0.4672897196261682,0.39906103286384975
randn_vecs,HCPAge,MBPGNN,25,0.26729932831437797,0.411214953271028,0.431924882629108
randn_vecs,HCPAge,MBPGNN,26,0.2822540083987601,0.48598130841121495,0.39436619718309857
randn_vecs,HCPAge,MBPGNN,27,0.26376923890721876,0.4205607476635514,0.4460093896713615
randn_vecs,HCPAge,MBPGNN,28,0.2611813017985965,0.42990654205607476,0.4131455399061033
randn_vecs,HCPAge,MBPGNN,29,0.26647722657094863,0.42990654205607476,0.43661971830985913
randn_vecs,HCPAge,MBPGNN,30,0.2627169151434162,0.45794392523364486,0.4413145539906103
randn_vecs,HCPAge,MBPGNN,31,0.2665801955549509,0.4485981308411215,0.4413145539906103
randn_vecs,HCPAge,MBPGNN,32,0.2630485365854814,0.4205607476635514,0.4225352112676056
randn_vecs,HCPAge,MBPGNN,33,0.26786812439860913,0.45794392523364486,0.4225352112676056
randn_vecs,HCPAge,MBPGNN,34,0.2581021536116632,0.48598130841121495,0.39906103286384975
randn_vecs,HCPAge,MBPGNN,35,0.2636548079900293,0.4766355140186916,0.4084507042253521
randn_vecs,HCPAge,MBPGNN,36,0.26561911714157,0.42990654205607476,0.4272300469483568
randn_vecs,HCPAge,MBPGNN,37,0.2662724822959644,0.4672897196261682,0.40375586854460094
randn_vecs,HCPAge,MBPGNN,38,0.2699371628313257,0.42990654205607476,0.4225352112676056
randn_vecs,HCPAge,MBPGNN,39,0.2596899279812038,0.38317757009345793,0.431924882629108
randn_vecs,HCPAge,MBPGNN,40,0.2629581477818073,0.4205607476635514,0.431924882629108
randn_vecs,HCPAge,MBPGNN,41,0.25500586408896736,0.4485981308411215,0.4272300469483568
randn_vecs,HCPAge,MBPGNN,42,0.2593111210221412,0.4672897196261682,0.4225352112676056
randn_vecs,HCPAge,MBPGNN,43,0.261406728965324,0.411214953271028,0.43661971830985913
randn_vecs,HCPAge,MBPGNN,44,0.2550795476708636,0.4766355140186916,0.39906103286384975
randn_vecs,HCPAge,MBPGNN,45,0.2571026150012176,0.45794392523364486,0.4225352112676056
randn_vecs,HCPAge,MBPGNN,46,0.25732657621370864,0.48598130841121495,0.4272300469483568
randn_vecs,HCPAge,MBPGNN,47,0.25564560506167827,0.4953271028037383,0.431924882629108
randn_vecs,HCPAge,MBPGNN,48,0.26676853655168675,0.4766355140186916,0.4413145539906103
randn_vecs,HCPAge,MBPGNN,49,0.2553363954460861,0.4766355140186916,0.4460093896713615
randn_vecs,HCPAge,MBPGNN,50,0.2590275001205854,0.4953271028037383,0.4225352112676056
randn_vecs,HCPAge,MBPGNN,51,0.25672657665790327,0.5046728971962616,0.41784037558685444
randn_vecs,HCPAge,MBPGNN,52,0.2511716347412775,0.45794392523364486,0.4131455399061033
randn_vecs,HCPAge,MBPGNN,53,0.25105346665286377,0.4205607476635514,0.4460093896713615
randn_vecs,HCPAge,MBPGNN,54,0.2545997434014442,0.42990654205607476,0.4413145539906103
randn_vecs,HCPAge,MBPGNN,55,0.25241629229295975,0.4672897196261682,0.460093896713615
randn_vecs,HCPAge,MBPGNN,56,0.2571762335380452,0.4672897196261682,0.4225352112676056
randn_vecs,HCPAge,MBPGNN,57,0.2579701884480931,0.4672897196261682,0.4413145539906103
randn_vecs,HCPAge,MBPGNN,58,0.24545150851243294,0.4672897196261682,0.45539906103286387
randn_vecs,HCPAge,MBPGNN,59,0.25554912626343285,0.411214953271028,0.4507042253521127
randn_vecs,HCPAge,MBPGNN,60,0.254295603620926,0.4205607476635514,0.4507042253521127
randn_vecs,HCPAge,MBPGNN,61,0.2526453680640099,0.45794392523364486,0.41784037558685444
randn_vecs,HCPAge,MBPGNN,62,0.2527983344641308,0.411214953271028,0.4225352112676056
randn_vecs,HCPAge,MBPGNN,63,0.2534791235155707,0.45794392523364486,0.431924882629108
randn_vecs,HCPAge,MBPGNN,64,0.25586894678589484,0.48598130841121495,0.40375586854460094
randn_vecs,HCPAge,MBPGNN,65,0.2530888561434394,0.4766355140186916,0.431924882629108
randn_vecs,HCPAge,MBPGNN,66,0.25045251630296644,0.5046728971962616,0.4084507042253521
randn_vecs,HCPAge,MBPGNN,67,0.241376936275687,0.4485981308411215,0.4272300469483568
randn_vecs,HCPAge,MBPGNN,68,0.24961229618763764,0.42990654205607476,0.4272300469483568
randn_vecs,HCPAge,MBPGNN,69,0.24868126611581584,0.40186915887850466,0.4413145539906103
randn_vecs,HCPAge,MBPGNN,70,0.2433195927399117,0.45794392523364486,0.4131455399061033
randn_vecs,HCPAge,MBPGNN,71,0.25065223706648654,0.4392523364485981,0.4460093896713615
randn_vecs,HCPAge,MBPGNN,72,0.2453561866043398,0.45794392523364486,0.4413145539906103
randn_vecs,HCPAge,MBPGNN,73,0.2518816063068057,0.45794392523364486,0.4413145539906103
randn_vecs,HCPAge,MBPGNN,74,0.24723521943060345,0.4392523364485981,0.4272300469483568
randn_vecs,HCPAge,MBPGNN,75,0.23884888927408512,0.4485981308411215,0.43661971830985913
randn_vecs,HCPAge,MBPGNN,76,0.2461282036448485,0.4392523364485981,0.4507042253521127
randn_vecs,HCPAge,MBPGNN,77,0.2452536535743099,0.4392523364485981,0.4507042253521127
randn_vecs,HCPAge,MBPGNN,78,0.24688593945247214,0.4392523364485981,0.4272300469483568
randn_vecs,HCPAge,MBPGNN,79,0.24963176834503276,0.48598130841121495,0.4272300469483568
randn_vecs,HCPAge,MBPGNN,80,0.24407670521896158,0.4392523364485981,0.431924882629108
randn_vecs,HCPAge,MBPGNN,81,0.248305641964778,0.45794392523364486,0.4413145539906103
randn_vecs,HCPAge,MBPGNN,82,0.24224949995143302,0.4953271028037383,0.4272300469483568
randn_vecs,HCPAge,MBPGNN,83,0.24662364257262057,0.514018691588785,0.4460093896713615
randn_vecs,HCPAge,MBPGNN,84,0.2449569908964554,0.4672897196261682,0.4272300469483568
randn_vecs,HCPAge,MBPGNN,85,0.24527847518856893,0.45794392523364486,0.41784037558685444
randn_vecs,HCPAge,MBPGNN,86,0.24024908750649265,0.5046728971962616,0.4225352112676056
randn_vecs,HCPAge,MBPGNN,87,0.24545829360117047,0.45794392523364486,0.4413145539906103
randn_vecs,HCPAge,MBPGNN,88,0.2417696977621757,0.4953271028037383,0.4084507042253521
randn_vecs,HCPAge,MBPGNN,89,0.24265611203724907,0.48598130841121495,0.4131455399061033
randn_vecs,HCPAge,MBPGNN,90,0.2423676669997657,0.4953271028037383,0.4225352112676056
randn_vecs,HCPAge,MBPGNN,91,0.2360108709975377,0.411214953271028,0.431924882629108
randn_vecs,HCPAge,MBPGNN,92,0.24109897565521649,0.4485981308411215,0.4507042253521127
randn_vecs,HCPAge,MBPGNN,93,0.24519646927814356,0.42990654205607476,0.45539906103286387
randn_vecs,HCPAge,MBPGNN,94,0.24339182868899914,0.4766355140186916,0.4507042253521127
randn_vecs,HCPAge,MBPGNN,95,0.24573542423696326,0.45794392523364486,0.460093896713615
randn_vecs,HCPAge,MBPGNN,96,0.23864508331222023,0.45794392523364486,0.4413145539906103
randn_vecs,HCPAge,MBPGNN,97,0.24381686061020666,0.5046728971962616,0.4413145539906103
randn_vecs,HCPAge,MBPGNN,98,0.23560029576288774,0.4392523364485981,0.43661971830985913
randn_vecs,HCPAge,MBPGNN,99,0.23846448547888122,0.45794392523364486,0.4272300469483568
randn_vecs,HCPAge,GCNConv,0,0.282915319532356,0.42990654205607476,0.43661971830985913
randn_vecs,HCPAge,GCNConv,1,0.27881862925203055,0.42990654205607476,0.43661971830985913
randn_vecs,HCPAge,GCNConv,2,0.28591230931698075,0.4392523364485981,0.431924882629108
randn_vecs,HCPAge,GCNConv,3,0.28243408099116896,0.4672897196261682,0.4131455399061033
randn_vecs,HCPAge,GCNConv,4,0.28696392862588765,0.4672897196261682,0.4131455399061033
randn_vecs,HCPAge,GCNConv,5,0.2804833110546906,0.4205607476635514,0.43661971830985913
randn_vecs,HCPAge,GCNConv,6,0.27606818291964946,0.42990654205607476,0.43661971830985913
randn_vecs,HCPAge,GCNConv,7,0.28069664287887164,0.45794392523364486,0.45539906103286387
randn_vecs,HCPAge,GCNConv,8,0.27217898592852907,0.4392523364485981,0.40375586854460094
randn_vecs,HCPAge,GCNConv,9,0.2783849624979416,0.42990654205607476,0.43661971830985913
randn_vecs,HCPAge,GCNConv,10,0.27440167289452266,0.4392523364485981,0.43661971830985913
randn_vecs,HCPAge,GCNConv,11,0.27161250346459,0.45794392523364486,0.4413145539906103
randn_vecs,HCPAge,GCNConv,12,0.27576162191045367,0.4392523364485981,0.4413145539906103
randn_vecs,HCPAge,GCNConv,13,0.26942066858278824,0.4485981308411215,0.4131455399061033
randn_vecs,HCPAge,GCNConv,14,0.2726888731022009,0.42990654205607476,0.43661971830985913
randn_vecs,HCPAge,GCNConv,15,0.2712823214146915,0.4485981308411215,0.41784037558685444
randn_vecs,HCPAge,GCNConv,16,0.26931598266499157,0.411214953271028,0.43661971830985913
randn_vecs,HCPAge,GCNConv,17,0.27263265880162285,0.4392523364485981,0.4272300469483568
randn_vecs,HCPAge,GCNConv,18,0.2740195734388876,0.4392523364485981,0.4460093896713615
randn_vecs,HCPAge,GCNConv,19,0.27248310306728285,0.4485981308411215,0.4225352112676056
randn_vecs,HCPAge,GCNConv,20,0.2715652920255725,0.4485981308411215,0.43661971830985913
randn_vecs,HCPAge,GCNConv,21,0.25922386006220877,0.4485981308411215,0.431924882629108
randn_vecs,HCPAge,GCNConv,22,0.27114550675321747,0.4205607476635514,0.4272300469483568
randn_vecs,HCPAge,GCNConv,23,0.26831053815432043,0.42990654205607476,0.4272300469483568
randn_vecs,HCPAge,GCNConv,24,0.2681243064419535,0.4392523364485981,0.4460093896713615
randn_vecs,HCPAge,GCNConv,25,0.2715932646853812,0.42990654205607476,0.431924882629108
randn_vecs,HCPAge,GCNConv,26,0.26991584917042877,0.4672897196261682,0.43661971830985913
randn_vecs,HCPAge,GCNConv,27,0.27025172806426184,0.4205607476635514,0.4413145539906103
randn_vecs,HCPAge,GCNConv,28,0.2669916463378292,0.4392523364485981,0.431924882629108
randn_vecs,HCPAge,GCNConv,29,0.27457543299502174,0.45794392523364486,0.43661971830985913
randn_vecs,HCPAge,GCNConv,30,0.26576567304214377,0.40186915887850466,0.4507042253521127
randn_vecs,HCPAge,GCNConv,31,0.26843910065273313,0.40186915887850466,0.431924882629108
randn_vecs,HCPAge,GCNConv,32,0.26766454677453777,0.42990654205607476,0.4460093896713615
randn_vecs,HCPAge,GCNConv,33,0.2662430086391884,0.4392523364485981,0.4694835680751174
randn_vecs,HCPAge,GCNConv,34,0.27158999827084124,0.4672897196261682,0.431924882629108
randn_vecs,HCPAge,GCNConv,35,0.2684044303510013,0.4672897196261682,0.45539906103286387
randn_vecs,HCPAge,GCNConv,36,0.26858321116274636,0.45794392523364486,0.4413145539906103
randn_vecs,HCPAge,GCNConv,37,0.26776310141454607,0.45794392523364486,0.4460093896713615
randn_vecs,HCPAge,GCNConv,38,0.2614291248705563,0.4485981308411215,0.4131455399061033
randn_vecs,HCPAge,GCNConv,39,0.2615384802722291,0.42990654205607476,0.4460093896713615
randn_vecs,HCPAge,GCNConv,40,0.26078551783657716,0.4205607476635514,0.4507042253521127
randn_vecs,HCPAge,GCNConv,41,0.2669528212323285,0.4205607476635514,0.4460093896713615
randn_vecs,HCPAge,GCNConv,42,0.26368632772624895,0.42990654205607476,0.431924882629108
randn_vecs,HCPAge,GCNConv,43,0.2610572530119211,0.45794392523364486,0.4507042253521127
randn_vecs,HCPAge,GCNConv,44,0.25677133382566825,0.4205607476635514,0.4460093896713615
randn_vecs,HCPAge,GCNConv,45,0.26331414144311177,0.4392523364485981,0.4460093896713615
randn_vecs,HCPAge,GCNConv,46,0.259611113679489,0.4205607476635514,0.4413145539906103
randn_vecs,HCPAge,GCNConv,47,0.26154189573838404,0.4392523364485981,0.4413145539906103
randn_vecs,HCPAge,GCNConv,48,0.26518885801302505,0.4205607476635514,0.4460093896713615
randn_vecs,HCPAge,GCNConv,49,0.2610241639534099,0.4485981308411215,0.45539906103286387
randn_vecs,HCPAge,GCNConv,50,0.2625663660516675,0.4205607476635514,0.4460093896713615
randn_vecs,HCPAge,GCNConv,51,0.25738135040206395,0.4485981308411215,0.431924882629108
randn_vecs,HCPAge,GCNConv,52,0.26062743895805923,0.4672897196261682,0.4272300469483568
randn_vecs,HCPAge,GCNConv,53,0.25966877825308166,0.4672897196261682,0.4272300469483568
randn_vecs,HCPAge,GCNConv,54,0.2610399203812516,0.4672897196261682,0.431924882629108
randn_vecs,HCPAge,GCNConv,55,0.25827759240297665,0.4392523364485981,0.4460093896713615
randn_vecs,HCPAge,GCNConv,56,0.26261382831023045,0.4672897196261682,0.4225352112676056
randn_vecs,HCPAge,GCNConv,57,0.26169765483612983,0.48598130841121495,0.43661971830985913
randn_vecs,HCPAge,GCNConv,58,0.2651740198167378,0.42990654205607476,0.43661971830985913
randn_vecs,HCPAge,GCNConv,59,0.2636153585958801,0.4392523364485981,0.4460093896713615
randn_vecs,HCPAge,GCNConv,60,0.25818043547188674,0.42990654205607476,0.4507042253521127
randn_vecs,HCPAge,GCNConv,61,0.254187262378283,0.42990654205607476,0.45539906103286387
randn_vecs,HCPAge,GCNConv,62,0.256541632245851,0.4205607476635514,0.45539906103286387
randn_vecs,HCPAge,GCNConv,63,0.2625534310436889,0.4392523364485981,0.45539906103286387
randn_vecs,HCPAge,GCNConv,64,0.25915380124277715,0.45794392523364486,0.4460093896713615
randn_vecs,HCPAge,GCNConv,65,0.25716053695486696,0.4205607476635514,0.4272300469483568
randn_vecs,HCPAge,GCNConv,66,0.2555513660379704,0.411214953271028,0.431924882629108
randn_vecs,HCPAge,GCNConv,67,0.2581842294475376,0.411214953271028,0.4460093896713615
randn_vecs,HCPAge,GCNConv,68,0.26012611661181356,0.411214953271028,0.4272300469483568
randn_vecs,HCPAge,GCNConv,69,0.2536050502085846,0.40186915887850466,0.4460093896713615
randn_vecs,HCPAge,GCNConv,70,0.2604198329400696,0.4392523364485981,0.4413145539906103
randn_vecs,HCPAge,GCNConv,71,0.25567030690660414,0.42990654205607476,0.4647887323943662
randn_vecs,HCPAge,GCNConv,72,0.2558188525622323,0.40186915887850466,0.45539906103286387
randn_vecs,HCPAge,GCNConv,73,0.2515431740139955,0.42990654205607476,0.43661971830985913
randn_vecs,HCPAge,GCNConv,74,0.25877755976363315,0.45794392523364486,0.43661971830985913
randn_vecs,HCPAge,GCNConv,75,0.2527486784346152,0.4205607476635514,0.45539906103286387
randn_vecs,HCPAge,GCNConv,76,0.2521956134962556,0.4205607476635514,0.4413145539906103
randn_vecs,HCPAge,GCNConv,77,0.24817818043215964,0.4392523364485981,0.45539906103286387
randn_vecs,HCPAge,GCNConv,78,0.24889685019550709,0.4205607476635514,0.4507042253521127
randn_vecs,HCPAge,GCNConv,79,0.2514572999621398,0.4205607476635514,0.460093896713615
randn_vecs,HCPAge,GCNConv,80,0.25401441154864013,0.48598130841121495,0.460093896713615
randn_vecs,HCPAge,GCNConv,81,0.25360731654519203,0.4485981308411215,0.4460093896713615
randn_vecs,HCPAge,GCNConv,82,0.24876989630244722,0.48598130841121495,0.4225352112676056
randn_vecs,HCPAge,GCNConv,83,0.25128638776356743,0.45794392523364486,0.4413145539906103
randn_vecs,HCPAge,GCNConv,84,0.2499526179076841,0.45794392523364486,0.4788732394366197
randn_vecs,HCPAge,GCNConv,85,0.25148605428286047,0.411214953271028,0.4507042253521127
randn_vecs,HCPAge,GCNConv,86,0.24787518906113284,0.45794392523364486,0.4460093896713615
randn_vecs,HCPAge,GCNConv,87,0.24937478399916782,0.45794392523364486,0.45539906103286387
randn_vecs,HCPAge,GCNConv,88,0.2500614437480901,0.48598130841121495,0.4647887323943662
randn_vecs,HCPAge,GCNConv,89,0.25077524585211836,0.4392523364485981,0.4507042253521127
randn_vecs,HCPAge,GCNConv,90,0.2513782671633983,0.4392523364485981,0.460093896713615
randn_vecs,HCPAge,GCNConv,91,0.2518941984080628,0.42990654205607476,0.4507042253521127
randn_vecs,HCPAge,GCNConv,92,0.2476996292203865,0.4392523364485981,0.45539906103286387
randn_vecs,HCPAge,GCNConv,93,0.24372294181145276,0.4485981308411215,0.4413145539906103
randn_vecs,HCPAge,GCNConv,94,0.2499854187837383,0.4392523364485981,0.4413145539906103
randn_vecs,HCPAge,GCNConv,95,0.250233695731067,0.4672897196261682,0.4413145539906103
randn_vecs,HCPAge,GCNConv,96,0.24705831508508463,0.45794392523364486,0.4507042253521127
randn_vecs,HCPAge,GCNConv,97,0.24606844802830843,0.4953271028037383,0.45539906103286387
randn_vecs,HCPAge,GCNConv,98,0.24625766237310115,0.514018691588785,0.4413145539906103
randn_vecs,HCPAge,GCNConv,99,0.24281426340141551,0.4953271028037383,0.4507042253521127
randn_vecs,HCPAge,GraphConv,0,0.2948850639714491,0.38317757009345793,0.4131455399061033
randn_vecs,HCPAge,GraphConv,1,0.2907214778381706,0.4392523364485981,0.4084507042253521
randn_vecs,HCPAge,GraphConv,2,0.2858552803129158,0.37383177570093457,0.4507042253521127
randn_vecs,HCPAge,GraphConv,3,0.2853165226494706,0.34579439252336447,0.431924882629108
randn_vecs,HCPAge,GraphConv,4,0.2887034272187508,0.4205607476635514,0.4413145539906103
randn_vecs,HCPAge,GraphConv,5,0.2804800371995708,0.34579439252336447,0.4084507042253521
randn_vecs,HCPAge,GraphConv,6,0.2776888979361361,0.34579439252336447,0.4225352112676056
randn_vecs,HCPAge,GraphConv,7,0.2795698197896049,0.40186915887850466,0.37089201877934275
randn_vecs,HCPAge,GraphConv,8,0.2747145392750734,0.3925233644859813,0.39906103286384975
randn_vecs,HCPAge,GraphConv,9,0.27977536956735904,0.4485981308411215,0.4460093896713615
randn_vecs,HCPAge,GraphConv,10,0.27620541649376784,0.4672897196261682,0.40375586854460094
randn_vecs,HCPAge,GraphConv,11,0.27932969499754423,0.4672897196261682,0.4272300469483568
randn_vecs,HCPAge,GraphConv,12,0.2825693904153453,0.42990654205607476,0.43661971830985913
randn_vecs,HCPAge,GraphConv,13,0.27956632351715294,0.411214953271028,0.4225352112676056
randn_vecs,HCPAge,GraphConv,14,0.27489602525762263,0.45794392523364486,0.41784037558685444
randn_vecs,HCPAge,GraphConv,15,0.2844293997591774,0.4392523364485981,0.43661971830985913
randn_vecs,HCPAge,GraphConv,16,0.27652024038686046,0.411214953271028,0.43661971830985913
randn_vecs,HCPAge,GraphConv,17,0.2742116149639923,0.3925233644859813,0.4460093896713615
randn_vecs,HCPAge,GraphConv,18,0.2713949397906361,0.3644859813084112,0.4084507042253521
randn_vecs,HCPAge,GraphConv,19,0.2751958351007244,0.411214953271028,0.4507042253521127
randn_vecs,HCPAge,GraphConv,20,0.27189001084974146,0.4392523364485981,0.460093896713615
randn_vecs,HCPAge,GraphConv,21,0.269800536904559,0.4672897196261682,0.4084507042253521
randn_vecs,HCPAge,GraphConv,22,0.2727434465549136,0.4485981308411215,0.43661971830985913
randn_vecs,HCPAge,GraphConv,23,0.27383064639648336,0.4392523364485981,0.4225352112676056
randn_vecs,HCPAge,GraphConv,24,0.2720589756165575,0.4205607476635514,0.43661971830985913
randn_vecs,HCPAge,GraphConv,25,0.2653726581759101,0.42990654205607476,0.4413145539906103
randn_vecs,HCPAge,GraphConv,26,0.2679259402639914,0.42990654205607476,0.4507042253521127
randn_vecs,HCPAge,GraphConv,27,0.266768206525969,0.42990654205607476,0.4460093896713615
randn_vecs,HCPAge,GraphConv,28,0.26662115218655374,0.4205607476635514,0.431924882629108
randn_vecs,HCPAge,GraphConv,29,0.2690063594171665,0.4205607476635514,0.43661971830985913
randn_vecs,HCPAge,GraphConv,30,0.2746172547340393,0.411214953271028,0.4507042253521127
randn_vecs,HCPAge,GraphConv,31,0.2686442769613842,0.42990654205607476,0.43661971830985913
randn_vecs,HCPAge,GraphConv,32,0.26987519944274185,0.42990654205607476,0.4272300469483568
randn_vecs,HCPAge,GraphConv,33,0.2703127670608111,0.411214953271028,0.431924882629108
randn_vecs,HCPAge,GraphConv,34,0.2641740913359111,0.4392523364485981,0.4131455399061033
randn_vecs,HCPAge,GraphConv,35,0.25872160884357936,0.4392523364485981,0.40375586854460094
randn_vecs,HCPAge,GraphConv,36,0.25709270110866367,0.4205607476635514,0.431924882629108
randn_vecs,HCPAge,GraphConv,37,0.2616379243415474,0.411214953271028,0.43661971830985913
randn_vecs,HCPAge,GraphConv,38,0.26435014673527457,0.4205607476635514,0.431924882629108
randn_vecs,HCPAge,GraphConv,39,0.26583169522701494,0.42990654205607476,0.43661971830985913
randn_vecs,HCPAge,GraphConv,40,0.26068387399583853,0.42990654205607476,0.4507042253521127
randn_vecs,HCPAge,GraphConv,41,0.2613454335487929,0.42990654205607476,0.4460093896713615
randn_vecs,HCPAge,GraphConv,42,0.2623531830390828,0.4953271028037383,0.43661971830985913
randn_vecs,HCPAge,GraphConv,43,0.26445742741527173,0.514018691588785,0.40375586854460094
randn_vecs,HCPAge,GraphConv,44,0.26155733438146195,0.4672897196261682,0.4084507042253521
randn_vecs,HCPAge,GraphConv,45,0.2634939663362183,0.514018691588785,0.4084507042253521
randn_vecs,HCPAge,GraphConv,46,0.256488290169095,0.4485981308411215,0.43661971830985913
randn_vecs,HCPAge,GraphConv,47,0.25945253900233534,0.4392523364485981,0.431924882629108
randn_vecs,HCPAge,GraphConv,48,0.2585602932328346,0.4672897196261682,0.41784037558685444
randn_vecs,HCPAge,GraphConv,49,0.25564248625864117,0.4766355140186916,0.4225352112676056
randn_vecs,HCPAge,GraphConv,50,0.2604767708170334,0.4485981308411215,0.431924882629108
randn_vecs,HCPAge,GraphConv,51,0.26078146408068253,0.38317757009345793,0.43661971830985913
randn_vecs,HCPAge,GraphConv,52,0.2617658499903327,0.4485981308411215,0.4507042253521127
randn_vecs,HCPAge,GraphConv,53,0.26863934825730806,0.4953271028037383,0.4647887323943662
randn_vecs,HCPAge,GraphConv,54,0.26110859605289943,0.4392523364485981,0.4225352112676056
randn_vecs,HCPAge,GraphConv,55,0.2612952986819632,0.4392523364485981,0.43661971830985913
randn_vecs,HCPAge,GraphConv,56,0.25660028833670906,0.45794392523364486,0.41784037558685444
randn_vecs,HCPAge,GraphConv,57,0.25558023388753803,0.45794392523364486,0.4272300469483568
randn_vecs,HCPAge,GraphConv,58,0.2556632936400855,0.42990654205607476,0.4272300469483568
randn_vecs,HCPAge,GraphConv,59,0.2566276542292345,0.4672897196261682,0.38497652582159625
randn_vecs,HCPAge,GraphConv,60,0.2524798380448514,0.4205607476635514,0.4413145539906103
randn_vecs,HCPAge,GraphConv,61,0.25283057409644927,0.4485981308411215,0.4272300469483568
randn_vecs,HCPAge,GraphConv,62,0.25974206852432863,0.4485981308411215,0.431924882629108
randn_vecs,HCPAge,GraphConv,63,0.256582155803706,0.4392523364485981,0.431924882629108
randn_vecs,HCPAge,GraphConv,64,0.2571334018803283,0.42990654205607476,0.4084507042253521
randn_vecs,HCPAge,GraphConv,65,0.2547722268424578,0.4205607476635514,0.4413145539906103
randn_vecs,HCPAge,GraphConv,66,0.25188955668635016,0.45794392523364486,0.4272300469483568
randn_vecs,HCPAge,GraphConv,67,0.25100493951131836,0.42990654205607476,0.4507042253521127
randn_vecs,HCPAge,GraphConv,68,0.24712600091959805,0.45794392523364486,0.431924882629108
randn_vecs,HCPAge,GraphConv,69,0.2533027948949161,0.4392523364485981,0.4460093896713615
randn_vecs,HCPAge,GraphConv,70,0.2536009100459566,0.3925233644859813,0.4272300469483568
randn_vecs,HCPAge,GraphConv,71,0.25402233044573125,0.38317757009345793,0.45539906103286387
randn_vecs,HCPAge,GraphConv,72,0.2549477312388836,0.38317757009345793,0.4225352112676056
randn_vecs,HCPAge,GraphConv,73,0.2572967682108783,0.4205607476635514,0.4460093896713615
randn_vecs,HCPAge,GraphConv,74,0.2511290707844216,0.42990654205607476,0.4507042253521127
randn_vecs,HCPAge,GraphConv,75,0.24872303953106772,0.45794392523364486,0.4413145539906103
randn_vecs,HCPAge,GraphConv,76,0.2553370780592797,0.4485981308411215,0.4413145539906103
randn_vecs,HCPAge,GraphConv,77,0.25085399206852754,0.4485981308411215,0.4413145539906103
randn_vecs,HCPAge,GraphConv,78,0.24840142134852058,0.3644859813084112,0.4225352112676056
randn_vecs,HCPAge,GraphConv,79,0.2474367359340591,0.40186915887850466,0.4272300469483568
randn_vecs,HCPAge,GraphConv,80,0.24810527667103197,0.4485981308411215,0.4272300469483568
randn_vecs,HCPAge,GraphConv,81,0.2473371564141856,0.411214953271028,0.43661971830985913
randn_vecs,HCPAge,GraphConv,82,0.25261285289021945,0.40186915887850466,0.43661971830985913
randn_vecs,HCPAge,GraphConv,83,0.2518472803519076,0.5046728971962616,0.4694835680751174
randn_vecs,HCPAge,GraphConv,84,0.24939213559131496,0.4672897196261682,0.4460093896713615
randn_vecs,HCPAge,GraphConv,85,0.2484402765363655,0.42990654205607476,0.460093896713615
randn_vecs,HCPAge,GraphConv,86,0.24959526606054114,0.411214953271028,0.4225352112676056
randn_vecs,HCPAge,GraphConv,87,0.2448861229339702,0.4205607476635514,0.431924882629108
randn_vecs,HCPAge,GraphConv,88,0.24102932862787438,0.4205607476635514,0.43661971830985913
randn_vecs,HCPAge,GraphConv,89,0.2425284000851164,0.40186915887850466,0.4413145539906103
randn_vecs,HCPAge,GraphConv,90,0.24351500432763323,0.42990654205607476,0.4225352112676056
randn_vecs,HCPAge,GraphConv,91,0.2445442779752232,0.4392523364485981,0.43661971830985913
randn_vecs,HCPAge,GraphConv,92,0.24759144911029995,0.411214953271028,0.43661971830985913
randn_vecs,HCPAge,GraphConv,93,0.2379485027102016,0.4392523364485981,0.4413145539906103
randn_vecs,HCPAge,GraphConv,94,0.2415924079466186,0.48598130841121495,0.41784037558685444
randn_vecs,HCPAge,GraphConv,95,0.24764055677708363,0.42990654205607476,0.43661971830985913
randn_vecs,HCPAge,GraphConv,96,0.23958476733841352,0.4392523364485981,0.4507042253521127
randn_vecs,HCPAge,GraphConv,97,0.2442368075351587,0.45794392523364486,0.4507042253521127
randn_vecs,HCPAge,GraphConv,98,0.24346955006554621,0.5046728971962616,0.43661971830985913
randn_vecs,HCPAge,GraphConv,99,0.24361399004123355,0.4485981308411215,0.4507042253521127
randn_vecs,HCPAge,GeneralConv,0,0.27765666738452527,0.4485981308411215,0.4272300469483568
randn_vecs,HCPAge,GeneralConv,1,0.2777229347485024,0.4672897196261682,0.38497652582159625
randn_vecs,HCPAge,GeneralConv,2,0.2784437755610319,0.4672897196261682,0.4131455399061033
randn_vecs,HCPAge,GeneralConv,3,0.27054347703920917,0.4672897196261682,0.41784037558685444
randn_vecs,HCPAge,GeneralConv,4,0.2667956107414809,0.4485981308411215,0.43661971830985913
randn_vecs,HCPAge,GeneralConv,5,0.2711676628797646,0.4672897196261682,0.4272300469483568
randn_vecs,HCPAge,GeneralConv,6,0.2782610123589535,0.4485981308411215,0.43661971830985913
randn_vecs,HCPAge,GeneralConv,7,0.2731027523943242,0.40186915887850466,0.4272300469483568
randn_vecs,HCPAge,GeneralConv,8,0.27357333378503784,0.42990654205607476,0.4272300469483568
randn_vecs,HCPAge,GeneralConv,9,0.2714410666651374,0.4392523364485981,0.4272300469483568
randn_vecs,HCPAge,GeneralConv,10,0.26741535919624687,0.42990654205607476,0.4225352112676056
randn_vecs,HCPAge,GeneralConv,11,0.2697385155914614,0.40186915887850466,0.4272300469483568
randn_vecs,HCPAge,GeneralConv,12,0.27374663672991245,0.40186915887850466,0.431924882629108
randn_vecs,HCPAge,GeneralConv,13,0.27134851601299825,0.3925233644859813,0.431924882629108
randn_vecs,HCPAge,GeneralConv,14,0.2683106480028805,0.4205607476635514,0.4131455399061033
randn_vecs,HCPAge,GeneralConv,15,0.2681685676510702,0.4205607476635514,0.4272300469483568
randn_vecs,HCPAge,GeneralConv,16,0.26395153375279984,0.4392523364485981,0.4272300469483568
randn_vecs,HCPAge,GeneralConv,17,0.26830652408151817,0.411214953271028,0.4272300469483568
randn_vecs,HCPAge,GeneralConv,18,0.2662788082289216,0.4205607476635514,0.4272300469483568
randn_vecs,HCPAge,GeneralConv,19,0.263062020676248,0.4205607476635514,0.4413145539906103
randn_vecs,HCPAge,GeneralConv,20,0.2664596789635268,0.42990654205607476,0.4272300469483568
randn_vecs,HCPAge,GeneralConv,21,0.2662217993064215,0.42990654205607476,0.4225352112676056
randn_vecs,HCPAge,GeneralConv,22,0.2627836861866433,0.4485981308411215,0.41784037558685444
randn_vecs,HCPAge,GeneralConv,23,0.2694568827648291,0.4205607476635514,0.431924882629108
randn_vecs,HCPAge,GeneralConv,24,0.2644448618760845,0.4766355140186916,0.4084507042253521
randn_vecs,HCPAge,GeneralConv,25,0.2636342625489971,0.42990654205607476,0.43661971830985913
randn_vecs,HCPAge,GeneralConv,26,0.2642755205999285,0.45794392523364486,0.43661971830985913
randn_vecs,HCPAge,GeneralConv,27,0.2617715939579394,0.4485981308411215,0.43661971830985913
randn_vecs,HCPAge,GeneralConv,28,0.2636850877096189,0.42990654205607476,0.43661971830985913
randn_vecs,HCPAge,GeneralConv,29,0.2614310542209036,0.4392523364485981,0.4460093896713615
randn_vecs,HCPAge,GeneralConv,30,0.26217065369522813,0.4392523364485981,0.431924882629108
randn_vecs,HCPAge,GeneralConv,31,0.25698389783001585,0.42990654205607476,0.41784037558685444
randn_vecs,HCPAge,GeneralConv,32,0.26417893747355314,0.42990654205607476,0.4272300469483568
randn_vecs,HCPAge,GeneralConv,33,0.2626695541727463,0.42990654205607476,0.4225352112676056
randn_vecs,HCPAge,GeneralConv,34,0.26608780350461103,0.40186915887850466,0.41784037558685444
randn_vecs,HCPAge,GeneralConv,35,0.26081471427175024,0.38317757009345793,0.4272300469483568
randn_vecs,HCPAge,GeneralConv,36,0.2605291428181949,0.40186915887850466,0.431924882629108
randn_vecs,HCPAge,GeneralConv,37,0.2599731851744172,0.3925233644859813,0.4413145539906103
randn_vecs,HCPAge,GeneralConv,38,0.2626106339813079,0.40186915887850466,0.431924882629108
randn_vecs,HCPAge,GeneralConv,39,0.2590964384527014,0.3925233644859813,0.43661971830985913
randn_vecs,HCPAge,GeneralConv,40,0.26523267886782653,0.38317757009345793,0.4460093896713615
randn_vecs,HCPAge,GeneralConv,41,0.2592241078415173,0.40186915887850466,0.431924882629108
randn_vecs,HCPAge,GeneralConv,42,0.2581042184925719,0.3925233644859813,0.43661971830985913
randn_vecs,HCPAge,GeneralConv,43,0.26030859515170923,0.38317757009345793,0.431924882629108
randn_vecs,HCPAge,GeneralConv,44,0.2565320555795759,0.4766355140186916,0.41784037558685444
randn_vecs,HCPAge,GeneralConv,45,0.2564416406938694,0.4392523364485981,0.431924882629108
randn_vecs,HCPAge,GeneralConv,46,0.2572010135490622,0.4205607476635514,0.431924882629108
randn_vecs,HCPAge,GeneralConv,47,0.2598085633060276,0.4392523364485981,0.4225352112676056
randn_vecs,HCPAge,GeneralConv,48,0.25930313936015903,0.4485981308411215,0.4225352112676056
randn_vecs,HCPAge,GeneralConv,49,0.2577854947755801,0.4485981308411215,0.43661971830985913
randn_vecs,HCPAge,GeneralConv,50,0.2573705359593334,0.4485981308411215,0.41784037558685444
randn_vecs,HCPAge,GeneralConv,51,0.25386517039881457,0.4485981308411215,0.431924882629108
randn_vecs,HCPAge,GeneralConv,52,0.2534404338606252,0.42990654205607476,0.43661971830985913
randn_vecs,HCPAge,GeneralConv,53,0.2597349550099981,0.4205607476635514,0.43661971830985913
randn_vecs,HCPAge,GeneralConv,54,0.2585351040699338,0.4205607476635514,0.431924882629108
randn_vecs,HCPAge,GeneralConv,55,0.25309153667232337,0.411214953271028,0.43661971830985913
randn_vecs,HCPAge,GeneralConv,56,0.25691486269035596,0.3925233644859813,0.4272300469483568
randn_vecs,HCPAge,GeneralConv,57,0.2609208768646189,0.4205607476635514,0.4272300469483568
randn_vecs,HCPAge,GeneralConv,58,0.25127875084845014,0.4392523364485981,0.43661971830985913
randn_vecs,HCPAge,GeneralConv,59,0.2489625082720046,0.4392523364485981,0.43661971830985913
randn_vecs,HCPAge,GeneralConv,60,0.2589587604439499,0.4485981308411215,0.41784037558685444
randn_vecs,HCPAge,GeneralConv,61,0.2565092738042742,0.42990654205607476,0.43661971830985913
randn_vecs,HCPAge,GeneralConv,62,0.2558235950918006,0.4392523364485981,0.43661971830985913
randn_vecs,HCPAge,GeneralConv,63,0.25315912241903726,0.42990654205607476,0.43661971830985913
randn_vecs,HCPAge,GeneralConv,64,0.24813022045481126,0.4205607476635514,0.4413145539906103
randn_vecs,HCPAge,GeneralConv,65,0.2495038485367026,0.42990654205607476,0.4272300469483568
randn_vecs,HCPAge,GeneralConv,66,0.2538183160276221,0.42990654205607476,0.4460093896713615
randn_vecs,HCPAge,GeneralConv,67,0.2547523594542638,0.4205607476635514,0.4413145539906103
randn_vecs,HCPAge,GeneralConv,68,0.25298321063086493,0.4205607476635514,0.43661971830985913
randn_vecs,HCPAge,GeneralConv,69,0.24986632910350826,0.4485981308411215,0.4460093896713615
randn_vecs,HCPAge,GeneralConv,70,0.2514448116289689,0.42990654205607476,0.4272300469483568
randn_vecs,HCPAge,GeneralConv,71,0.2555265798664733,0.40186915887850466,0.4507042253521127
randn_vecs,HCPAge,GeneralConv,72,0.2542892186433677,0.42990654205607476,0.431924882629108
randn_vecs,HCPAge,GeneralConv,73,0.2542023442735608,0.42990654205607476,0.43661971830985913
randn_vecs,HCPAge,GeneralConv,74,0.25164414124200807,0.42990654205607476,0.43661971830985913
randn_vecs,HCPAge,GeneralConv,75,0.2505073128130612,0.42990654205607476,0.4272300469483568
randn_vecs,HCPAge,GeneralConv,76,0.2514859523549176,0.42990654205607476,0.4413145539906103
randn_vecs,HCPAge,GeneralConv,77,0.24820867200825839,0.42990654205607476,0.43661971830985913
randn_vecs,HCPAge,GeneralConv,78,0.24930676877898658,0.42990654205607476,0.43661971830985913
randn_vecs,HCPAge,GeneralConv,79,0.24474909569593084,0.42990654205607476,0.43661971830985913
randn_vecs,HCPAge,GeneralConv,80,0.2495942741432446,0.42990654205607476,0.43661971830985913
randn_vecs,HCPAge,GeneralConv,81,0.25023256932329013,0.4205607476635514,0.43661971830985913
randn_vecs,HCPAge,GeneralConv,82,0.2512439594172791,0.4205607476635514,0.43661971830985913
randn_vecs,HCPAge,GeneralConv,83,0.24469487843097457,0.4205607476635514,0.431924882629108
randn_vecs,HCPAge,GeneralConv,84,0.25079890673592586,0.411214953271028,0.43661971830985913
randn_vecs,HCPAge,GeneralConv,85,0.24461414701986633,0.4205607476635514,0.4460093896713615
randn_vecs,HCPAge,GeneralConv,86,0.24260825142764406,0.4205607476635514,0.4225352112676056
randn_vecs,HCPAge,GeneralConv,87,0.2406488592992693,0.4205607476635514,0.4460093896713615
randn_vecs,HCPAge,GeneralConv,88,0.2441932042173091,0.4205607476635514,0.4413145539906103
randn_vecs,HCPAge,GeneralConv,89,0.24687972868848967,0.4392523364485981,0.4413145539906103
randn_vecs,HCPAge,GeneralConv,90,0.2542299841074335,0.45794392523364486,0.4225352112676056
randn_vecs,HCPAge,GeneralConv,91,0.2441437845262105,0.4485981308411215,0.4413145539906103
randn_vecs,HCPAge,GeneralConv,92,0.24508791417883546,0.4392523364485981,0.43661971830985913
randn_vecs,HCPAge,GeneralConv,93,0.24230322253784078,0.4205607476635514,0.43661971830985913
randn_vecs,HCPAge,GeneralConv,94,0.24181239700957433,0.42990654205607476,0.43661971830985913
randn_vecs,HCPAge,GeneralConv,95,0.23944069771158616,0.4205607476635514,0.431924882629108
randn_vecs,HCPAge,GeneralConv,96,0.24450999202344242,0.4672897196261682,0.4272300469483568
randn_vecs,HCPAge,GeneralConv,97,0.24864572310607705,0.3925233644859813,0.4647887323943662
randn_vecs,HCPAge,GeneralConv,98,0.24866095901335647,0.411214953271028,0.4413145539906103
randn_vecs,HCPAge,GeneralConv,99,0.24374979054367782,0.4205607476635514,0.45539906103286387
randn_vecs,HCPTask,MBPGNN,0,0.515563859274072,0.27114093959731544,0.2612491605104097
randn_vecs,HCPTask,MBPGNN,1,0.4955089716793228,0.43087248322147653,0.41302887844190733
randn_vecs,HCPTask,MBPGNN,2,0.4896393383869765,0.4,0.40295500335795836
randn_vecs,HCPTask,MBPGNN,3,0.4863285977406977,0.47248322147651006,0.47548690396239085
randn_vecs,HCPTask,MBPGNN,4,0.4758564740917142,0.5516778523489932,0.5668233713901948
randn_vecs,HCPTask,MBPGNN,5,0.4721312630220026,0.6845637583892618,0.6595030221625252
randn_vecs,HCPTask,MBPGNN,6,0.4674815899764171,0.640268456375839,0.6427132303559436
randn_vecs,HCPTask,MBPGNN,7,0.46470169534516625,0.6322147651006711,0.6245802552048355
randn_vecs,HCPTask,MBPGNN,8,0.45894719440297627,0.7973154362416107,0.7783747481531229
randn_vecs,HCPTask,MBPGNN,9,0.4545117589648842,0.7315436241610739,0.7105439892545332
randn_vecs,HCPTask,MBPGNN,10,0.45252417019082253,0.7718120805369127,0.7461383478844862
randn_vecs,HCPTask,MBPGNN,11,0.4491164202789904,0.6939597315436241,0.6662189388851578
randn_vecs,HCPTask,MBPGNN,12,0.4443282094929081,0.8040268456375839,0.7790463398253862
randn_vecs,HCPTask,MBPGNN,13,0.4395316272007112,0.8416107382550335,0.8274009402283412
randn_vecs,HCPTask,MBPGNN,14,0.4381039011247283,0.8456375838926175,0.8388179986568166
randn_vecs,HCPTask,MBPGNN,15,0.43468726411344544,0.7973154362416107,0.7642713230355943
randn_vecs,HCPTask,MBPGNN,16,0.43246147651593636,0.87248322147651,0.8488918737407656
randn_vecs,HCPTask,MBPGNN,17,0.4260168343662277,0.8241610738255034,0.8038952316991269
randn_vecs,HCPTask,MBPGNN,18,0.42623843900025477,0.836241610738255,0.8193418401611821
randn_vecs,HCPTask,MBPGNN,19,0.4220491459717973,0.8201342281879195,0.8280725319006045
randn_vecs,HCPTask,MBPGNN,20,0.4207083471999056,0.8348993288590604,0.8347884486232371
randn_vecs,HCPTask,MBPGNN,21,0.41910297342215463,0.8375838926174497,0.8629952988582942
randn_vecs,HCPTask,MBPGNN,22,0.41481755237063056,0.825503355704698,0.8112827400940228
randn_vecs,HCPTask,MBPGNN,23,0.41246532037908545,0.8697986577181208,0.8744123572867697
randn_vecs,HCPTask,MBPGNN,24,0.4144336338074337,0.8617449664429531,0.8616521155137676
randn_vecs,HCPTask,MBPGNN,25,0.40796051077569007,0.8778523489932886,0.8703828072531901
randn_vecs,HCPTask,MBPGNN,26,0.4072124318281047,0.8604026845637583,0.8589657488247145
randn_vecs,HCPTask,MBPGNN,27,0.4018144240922172,0.8966442953020134,0.8878441907320349
randn_vecs,HCPTask,MBPGNN,28,0.401995464635916,0.9100671140939597,0.9012760241773002
randn_vecs,HCPTask,MBPGNN,29,0.3957696506468571,0.8657718120805369,0.8502350570852921
randn_vecs,HCPTask,MBPGNN,30,0.39906095100195216,0.8657718120805369,0.8609805238415044
randn_vecs,HCPTask,MBPGNN,31,0.39508981645439106,0.9114093959731544,0.9120214909335125
randn_vecs,HCPTask,MBPGNN,32,0.39498247059459396,0.9006711409395973,0.9032907991940899
randn_vecs,HCPTask,MBPGNN,33,0.39337774394317837,0.8791946308724832,0.880456682337139
randn_vecs,HCPTask,MBPGNN,34,0.39028924400368403,0.9006711409395973,0.9012760241773002
randn_vecs,HCPTask,MBPGNN,35,0.3834942359113263,0.9087248322147651,0.8918737407656145
randn_vecs,HCPTask,MBPGNN,36,0.3818630797777416,0.8912751677852349,0.8912021490933513
randn_vecs,HCPTask,MBPGNN,37,0.376934808603654,0.8845637583892617,0.8838146406984554
randn_vecs,HCPTask,MBPGNN,38,0.37535994813592816,0.9140939597315436,0.916051040967092
randn_vecs,HCPTask,MBPGNN,39,0.37724429195044845,0.9020134228187919,0.9039623908663532
randn_vecs,HCPTask,MBPGNN,40,0.37218870035767626,0.9208053691275168,0.9167226326393553
randn_vecs,HCPTask,MBPGNN,41,0.3724377156562644,0.9154362416107382,0.9220953660174613
randn_vecs,HCPTask,MBPGNN,42,0.36864297037322363,0.9275167785234899,0.9267965077233042
randn_vecs,HCPTask,MBPGNN,43,0.3655669322442267,0.8966442953020134,0.8858294157152451
randn_vecs,HCPTask,MBPGNN,44,0.36691464718025735,0.912751677852349,0.9194089993284084
randn_vecs,HCPTask,MBPGNN,45,0.3630417031721411,0.9194630872483222,0.9207521826729349
randn_vecs,HCPTask,MBPGNN,46,0.36189763948541614,0.9449664429530201,0.9335124244459369
randn_vecs,HCPTask,MBPGNN,47,0.3599563581194249,0.9154362416107382,0.9214237743451981
randn_vecs,HCPTask,MBPGNN,48,0.3589153217477518,0.9436241610738255,0.931497649429147
randn_vecs,HCPTask,MBPGNN,49,0.3584050824166626,0.9463087248322147,0.9395567494963063
randn_vecs,HCPTask,MBPGNN,50,0.35490342495788835,0.9154362416107382,0.9053055742108798
randn_vecs,HCPTask,MBPGNN,51,0.35364459823751937,0.9355704697986578,0.9281396910678308
randn_vecs,HCPTask,MBPGNN,52,0.35105512379730336,0.9355704697986578,0.9382135661517798
randn_vecs,HCPTask,MBPGNN,53,0.349778581487169,0.9476510067114094,0.9476158495634655
randn_vecs,HCPTask,MBPGNN,54,0.3478956858858675,0.9436241610738255,0.9361987911349899
randn_vecs,HCPTask,MBPGNN,55,0.34495319297616234,0.9369127516778524,0.938885157824043
randn_vecs,HCPTask,MBPGNN,56,0.34359679961415074,0.9436241610738255,0.9442578912021491
randn_vecs,HCPTask,MBPGNN,57,0.3448288938687479,0.9328859060402684,0.9375419744795165
randn_vecs,HCPTask,MBPGNN,58,0.33927413414435004,0.9422818791946309,0.9435862995298858
randn_vecs,HCPTask,MBPGNN,59,0.34171303814353216,0.9463087248322147,0.9328408327736736
randn_vecs,HCPTask,MBPGNN,60,0.33889784182896193,0.9489932885906041,0.938885157824043
randn_vecs,HCPTask,MBPGNN,61,0.33637473533560436,0.9476510067114094,0.9442578912021491
randn_vecs,HCPTask,MBPGNN,62,0.33534394728974937,0.9570469798657718,0.9442578912021491
randn_vecs,HCPTask,MBPGNN,63,0.3387264018782866,0.938255033557047,0.9476158495634655
randn_vecs,HCPTask,MBPGNN,64,0.3341418269568978,0.9530201342281879,0.9523169912693082
randn_vecs,HCPTask,MBPGNN,65,0.3322302920275033,0.9463087248322147,0.9523169912693082
randn_vecs,HCPTask,MBPGNN,66,0.32764759952126277,0.9557046979865772,0.9503022162525184
randn_vecs,HCPTask,MBPGNN,67,0.3260609964235979,0.9624161073825503,0.9509738079247817
randn_vecs,HCPTask,MBPGNN,68,0.3266906046517226,0.9516778523489933,0.9509738079247817
randn_vecs,HCPTask,MBPGNN,69,0.3284382106796019,0.9530201342281879,0.9503022162525184
randn_vecs,HCPTask,MBPGNN,70,0.32233585723647,0.9610738255033557,0.9563465413028879
randn_vecs,HCPTask,MBPGNN,71,0.3194084854781868,0.9476510067114094,0.9536601746138348
randn_vecs,HCPTask,MBPGNN,72,0.318744973375189,0.9530201342281879,0.9536601746138348
randn_vecs,HCPTask,MBPGNN,73,0.322101559753861,0.9489932885906041,0.9435862995298858
randn_vecs,HCPTask,MBPGNN,74,0.31928413177227694,0.9489932885906041,0.9523169912693082
randn_vecs,HCPTask,MBPGNN,75,0.31958780322566466,0.9624161073825503,0.9597044996642041
randn_vecs,HCPTask,MBPGNN,76,0.31694185985532963,0.9557046979865772,0.9523169912693082
randn_vecs,HCPTask,MBPGNN,77,0.31531248420597063,0.9476510067114094,0.9482874412357287
randn_vecs,HCPTask,MBPGNN,78,0.3163446249763209,0.9570469798657718,0.9563465413028879
randn_vecs,HCPTask,MBPGNN,79,0.3109230943743614,0.9530201342281879,0.948959032907992
randn_vecs,HCPTask,MBPGNN,80,0.3110028589199774,0.9516778523489933,0.9563465413028879
randn_vecs,HCPTask,MBPGNN,81,0.3132900977734298,0.9543624161073826,0.9556749496306246
randn_vecs,HCPTask,MBPGNN,82,0.31292195382148436,0.9570469798657718,0.9503022162525184
randn_vecs,HCPTask,MBPGNN,83,0.30852123711635066,0.9409395973154362,0.9509738079247817
randn_vecs,HCPTask,MBPGNN,84,0.30794445534406045,0.9543624161073826,0.9550033579583613
randn_vecs,HCPTask,MBPGNN,85,0.30839759004415856,0.9530201342281879,0.9677635997313633
randn_vecs,HCPTask,MBPGNN,86,0.3048430767334407,0.9355704697986578,0.9449294828744124
randn_vecs,HCPTask,MBPGNN,87,0.3102062535070828,0.959731543624161,0.9597044996642041
randn_vecs,HCPTask,MBPGNN,88,0.3053228467742915,0.9570469798657718,0.9623908663532572
randn_vecs,HCPTask,MBPGNN,89,0.30354129139853886,0.9664429530201343,0.9684351914036265
randn_vecs,HCPTask,MBPGNN,90,0.30285802774201387,0.9583892617449664,0.9576897246474144
randn_vecs,HCPTask,MBPGNN,91,0.3002587731396266,0.9543624161073826,0.9576897246474144
randn_vecs,HCPTask,MBPGNN,92,0.30379088355428907,0.9516778523489933,0.9597044996642041
randn_vecs,HCPTask,MBPGNN,93,0.2990606544594042,0.9476510067114094,0.9529885829415715
randn_vecs,HCPTask,MBPGNN,94,0.2964837666744691,0.963758389261745,0.9543317662860981
randn_vecs,HCPTask,MBPGNN,95,0.29829205485355104,0.9516778523489933,0.9509738079247817
randn_vecs,HCPTask,MBPGNN,96,0.2960937249211941,0.9543624161073826,0.9482874412357287
randn_vecs,HCPTask,MBPGNN,97,0.29555383217062414,0.959731543624161,0.951645399597045
randn_vecs,HCPTask,MBPGNN,98,0.2952925282743069,0.9503355704697987,0.9597044996642041
randn_vecs,HCPTask,MBPGNN,99,0.29364554361753303,0.9530201342281879,0.9597044996642041
randn_vecs,HCPTask,GCNConv,0,0.5043296191485928,0.2389261744966443,0.23908663532572197
randn_vecs,HCPTask,GCNConv,1,0.49429043672619866,0.25906040268456376,0.27871054398925454
randn_vecs,HCPTask,GCNConv,2,0.48519056448439396,0.33557046979865773,0.3445265278710544
randn_vecs,HCPTask,GCNConv,3,0.477450185280703,0.3785234899328859,0.39086635325721963
randn_vecs,HCPTask,GCNConv,4,0.47283376556230977,0.43355704697986575,0.42847548690396237
randn_vecs,HCPTask,GCNConv,5,0.4657148656242753,0.5033557046979866,0.5030221625251847
randn_vecs,HCPTask,GCNConv,6,0.45949010126740397,0.5114093959731544,0.544660846205507
randn_vecs,HCPTask,GCNConv,7,0.45548945629887355,0.5771812080536913,0.58025520483546
randn_vecs,HCPTask,GCNConv,8,0.4558424642983589,0.5986577181208054,0.5983881799865681
randn_vecs,HCPTask,GCNConv,9,0.45086179344410127,0.6389261744966444,0.6447280053727333
randn_vecs,HCPTask,GCNConv,10,0.44703736193556776,0.6161073825503356,0.6279382135661518
randn_vecs,HCPTask,GCNConv,11,0.4419572836470755,0.6751677852348993,0.6729348556077904
randn_vecs,HCPTask,GCNConv,12,0.43751074380301586,0.6348993288590604,0.6373404969778375
randn_vecs,HCPTask,GCNConv,13,0.4372287666896045,0.7167785234899329,0.7286769644056413
randn_vecs,HCPTask,GCNConv,14,0.4327935703108786,0.687248322147651,0.6856950973807925
randn_vecs,HCPTask,GCNConv,15,0.4284719677295491,0.6684563758389261,0.6890530557421088
randn_vecs,HCPTask,GCNConv,16,0.4270441792340351,0.7046979865771812,0.7085292142377434
randn_vecs,HCPTask,GCNConv,17,0.4226010969514054,0.7543624161073825,0.7656145063801209
randn_vecs,HCPTask,GCNConv,18,0.41878242931157256,0.7328859060402685,0.7414372061786434
randn_vecs,HCPTask,GCNConv,19,0.41606561431364814,0.7516778523489933,0.7474815312290127
randn_vecs,HCPTask,GCNConv,20,0.41488293637742374,0.6912751677852349,0.6944257891202149
randn_vecs,HCPTask,GCNConv,21,0.41317665713102075,0.7583892617449665,0.7588985896574882
randn_vecs,HCPTask,GCNConv,22,0.4051085909512799,0.7369127516778523,0.7273337810611148
randn_vecs,HCPTask,GCNConv,23,0.40558918384289094,0.7919463087248322,0.7991940899932841
randn_vecs,HCPTask,GCNConv,24,0.40004027096912576,0.7704697986577181,0.7501678979180658
randn_vecs,HCPTask,GCNConv,25,0.3998024862772399,0.7369127516778523,0.7286769644056413
randn_vecs,HCPTask,GCNConv,26,0.3968316732086406,0.785234899328859,0.7683008730691739
randn_vecs,HCPTask,GCNConv,27,0.3917606369184427,0.8174496644295302,0.8179986568166555
randn_vecs,HCPTask,GCNConv,28,0.3936538851222234,0.8134228187919463,0.8018804566823371
randn_vecs,HCPTask,GCNConv,29,0.39074845261618646,0.7677852348993288,0.7535258562793822
randn_vecs,HCPTask,GCNConv,30,0.3884141434060564,0.7812080536912752,0.7642713230355943
randn_vecs,HCPTask,GCNConv,31,0.3852906980952092,0.8496644295302014,0.847548690396239
randn_vecs,HCPTask,GCNConv,32,0.3818539839762144,0.7906040268456376,0.7877770315648086
randn_vecs,HCPTask,GCNConv,33,0.38232886274022504,0.7838926174496644,0.7783747481531229
randn_vecs,HCPTask,GCNConv,34,0.37998224367768596,0.7919463087248322,0.7730020147750168
randn_vecs,HCPTask,GCNConv,35,0.37678804209237365,0.8442953020134228,0.8260577568838147
randn_vecs,HCPTask,GCNConv,36,0.3788144891700078,0.8268456375838926,0.8025520483546004
randn_vecs,HCPTask,GCNConv,37,0.37541169229087457,0.8416107382550335,0.8441907320349228
randn_vecs,HCPTask,GCNConv,38,0.3715118636987012,0.8,0.783747481531229
randn_vecs,HCPTask,GCNConv,39,0.36923834433778047,0.8402684563758389,0.8287441235728676
randn_vecs,HCPTask,GCNConv,40,0.37182552350141834,0.8389261744966443,0.8274009402283412
randn_vecs,HCPTask,GCNConv,41,0.36420202170573585,0.8416107382550335,0.8482202820685023
randn_vecs,HCPTask,GCNConv,42,0.3638809924964187,0.8308724832214766,0.8139691067830759
randn_vecs,HCPTask,GCNConv,43,0.3627315244282887,0.8496644295302014,0.8408327736736064
randn_vecs,HCPTask,GCNConv,44,0.36334638888283455,0.851006711409396,0.8522498321020819
randn_vecs,HCPTask,GCNConv,45,0.36293210480258475,0.8201342281879195,0.8106111484217595
randn_vecs,HCPTask,GCNConv,46,0.35650760738651455,0.876510067114094,0.865010073875084
randn_vecs,HCPTask,GCNConv,47,0.35734137251363834,0.8429530201342282,0.8562793821356616
randn_vecs,HCPTask,GCNConv,48,0.3544417643277012,0.8429530201342282,0.8361316319677636
randn_vecs,HCPTask,GCNConv,49,0.3546063293420232,0.8617449664429531,0.8777703156480859
randn_vecs,HCPTask,GCNConv,50,0.35318923351242437,0.8630872483221477,0.8730691739422431
randn_vecs,HCPTask,GCNConv,51,0.3514972564171271,0.8630872483221477,0.8589657488247145
randn_vecs,HCPTask,GCNConv,52,0.3506064199284506,0.8859060402684564,0.8717259905977166
randn_vecs,HCPTask,GCNConv,53,0.3491668307774354,0.8697986577181208,0.8603089321692411
randn_vecs,HCPTask,GCNConv,54,0.3440098832769938,0.887248322147651,0.8824714573539288
randn_vecs,HCPTask,GCNConv,55,0.34259488260386706,0.8711409395973154,0.8764271323035594
randn_vecs,HCPTask,GCNConv,56,0.3431765607850157,0.8536912751677852,0.857622565480188
randn_vecs,HCPTask,GCNConv,57,0.3436529046973333,0.8778523489932886,0.8871725990597716
randn_vecs,HCPTask,GCNConv,58,0.34148146687256076,0.897986577181208,0.8918737407656145
randn_vecs,HCPTask,GCNConv,59,0.33871929662473416,0.8993288590604027,0.8898589657488247
randn_vecs,HCPTask,GCNConv,60,0.33767610478250143,0.8832214765100671,0.8858294157152451
randn_vecs,HCPTask,GCNConv,61,0.3380085375538301,0.8953020134228188,0.8777703156480859
randn_vecs,HCPTask,GCNConv,62,0.3330708251882364,0.8550335570469799,0.8562793821356616
randn_vecs,HCPTask,GCNConv,63,0.33268411223822947,0.8859060402684564,0.8744123572867697
randn_vecs,HCPTask,GCNConv,64,0.3369859864659583,0.8926174496644296,0.8952316991269308
randn_vecs,HCPTask,GCNConv,65,0.3301230378836582,0.8885906040268456,0.8750839489590329
randn_vecs,HCPTask,GCNConv,66,0.33058977156253894,0.8859060402684564,0.8938885157824042
randn_vecs,HCPTask,GCNConv,67,0.32890720009506264,0.8993288590604027,0.8959032907991941
randn_vecs,HCPTask,GCNConv,68,0.32729548491633403,0.9087248322147651,0.8959032907991941
randn_vecs,HCPTask,GCNConv,69,0.3236879413623136,0.8939597315436242,0.8952316991269308
randn_vecs,HCPTask,GCNConv,70,0.3261432529788805,0.912751677852349,0.8912021490933513
randn_vecs,HCPTask,GCNConv,71,0.32485615098904363,0.9046979865771813,0.8945601074546675
randn_vecs,HCPTask,GCNConv,72,0.3242426686551022,0.9020134228187919,0.9066487575554063
randn_vecs,HCPTask,GCNConv,73,0.32171457283303245,0.9181208053691275,0.9093351242444594
randn_vecs,HCPTask,GCNConv,74,0.31915141001592606,0.8885906040268456,0.8770987239758227
randn_vecs,HCPTask,GCNConv,75,0.32026708969389733,0.9140939597315436,0.8979180658159839
randn_vecs,HCPTask,GCNConv,76,0.3180698035236603,0.8966442953020134,0.8925453324378778
randn_vecs,HCPTask,GCNConv,77,0.3206750281794466,0.9154362416107382,0.905977165883143
randn_vecs,HCPTask,GCNConv,78,0.31935265850233563,0.851006711409396,0.8509066487575554
randn_vecs,HCPTask,GCNConv,79,0.3182278151966647,0.9221476510067114,0.9194089993284084
randn_vecs,HCPTask,GCNConv,80,0.31763335552090166,0.9288590604026845,0.9180658159838818
randn_vecs,HCPTask,GCNConv,81,0.3137816065708903,0.9315436241610738,0.9214237743451981
randn_vecs,HCPTask,GCNConv,82,0.31106888204326694,0.934228187919463,0.9187374076561451
randn_vecs,HCPTask,GCNConv,83,0.3107772764740349,0.9221476510067114,0.9106783075889859
randn_vecs,HCPTask,GCNConv,84,0.3113942501880908,0.9181208053691275,0.9113498992612492
randn_vecs,HCPTask,GCNConv,85,0.30336332900163926,0.9208053691275168,0.9153794492948287
randn_vecs,HCPTask,GCNConv,86,0.30940166500805205,0.9409395973154362,0.9267965077233042
randn_vecs,HCPTask,GCNConv,87,0.3086095312422538,0.9033557046979865,0.8945601074546675
randn_vecs,HCPTask,GCNConv,88,0.3063471851261455,0.9261744966442953,0.9254533243787777
randn_vecs,HCPTask,GCNConv,89,0.3079312951270942,0.9288590604026845,0.9241101410342512
randn_vecs,HCPTask,GCNConv,90,0.3070699917672806,0.9234899328859061,0.9173942243116185
randn_vecs,HCPTask,GCNConv,91,0.3024203021184431,0.9046979865771813,0.8891873740765615
randn_vecs,HCPTask,GCNConv,92,0.304527392466802,0.9208053691275168,0.9073203492276696
randn_vecs,HCPTask,GCNConv,93,0.3027989128988932,0.9234899328859061,0.9173942243116185
randn_vecs,HCPTask,GCNConv,94,0.3037870655844321,0.9073825503355705,0.9026192075218268
randn_vecs,HCPTask,GCNConv,95,0.3011527529408639,0.912751677852349,0.8979180658159839
randn_vecs,HCPTask,GCNConv,96,0.29844081166106834,0.8684563758389262,0.8791134989926125
randn_vecs,HCPTask,GCNConv,97,0.298729083203473,0.9288590604026845,0.9214237743451981
randn_vecs,HCPTask,GCNConv,98,0.2995162068321417,0.9167785234899329,0.9227669576897246
randn_vecs,HCPTask,GCNConv,99,0.29636097216095797,0.9033557046979865,0.9046339825386165
randn_vecs,HCPTask,GraphConv,0,0.5053934549777287,0.20536912751677852,0.19811954331766285
randn_vecs,HCPTask,GraphConv,1,0.4898562470469234,0.16375838926174496,0.1584956346541303
randn_vecs,HCPTask,GraphConv,2,0.48058817754622085,0.33288590604026846,0.3082605775688381
randn_vecs,HCPTask,GraphConv,3,0.4718429996954042,0.4147651006711409,0.4042981867024849
randn_vecs,HCPTask,GraphConv,4,0.4692554191472915,0.5422818791946309,0.5151108126259234
randn_vecs,HCPTask,GraphConv,5,0.4650282541010654,0.5651006711409396,0.544660846205507
randn_vecs,HCPTask,GraphConv,6,0.45940917403072284,0.4993288590604027,0.49026192075218267
randn_vecs,HCPTask,GraphConv,7,0.4565830354522116,0.5208053691275167,0.5238415043653458
randn_vecs,HCPTask,GraphConv,8,0.4523439213510529,0.4912751677852349,0.4956346541302888
randn_vecs,HCPTask,GraphConv,9,0.4520253154956395,0.6389261744966444,0.6333109469442579
randn_vecs,HCPTask,GraphConv,10,0.44523360054560235,0.6013422818791946,0.6004029550033579
randn_vecs,HCPTask,GraphConv,11,0.43883557703197973,0.6738255033557047,0.6689053055742109
randn_vecs,HCPTask,GraphConv,12,0.43460410154810974,0.6966442953020134,0.6977837474815313
randn_vecs,HCPTask,GraphConv,13,0.43165203547335834,0.6993288590604027,0.7058428475486904
randn_vecs,HCPTask,GraphConv,14,0.4309747574722545,0.7006711409395974,0.7051712558764271
randn_vecs,HCPTask,GraphConv,15,0.4293312602478887,0.7033557046979866,0.7038280725319006
randn_vecs,HCPTask,GraphConv,16,0.42580580650718824,0.7114093959731543,0.7038280725319006
randn_vecs,HCPTask,GraphConv,17,0.4220948647253571,0.7570469798657719,0.7629281396910679
randn_vecs,HCPTask,GraphConv,18,0.4189786419549906,0.7557046979865771,0.7662860980523841
randn_vecs,HCPTask,GraphConv,19,0.4134431917211057,0.7516778523489933,0.7441235728676965
randn_vecs,HCPTask,GraphConv,20,0.4086041081018058,0.774496644295302,0.7669576897246474
randn_vecs,HCPTask,GraphConv,21,0.40777745307990837,0.7718120805369127,0.7803895231699127
randn_vecs,HCPTask,GraphConv,22,0.4041956468835905,0.763758389261745,0.7683008730691739
randn_vecs,HCPTask,GraphConv,23,0.4011860850860162,0.7758389261744967,0.7857622565480188
randn_vecs,HCPTask,GraphConv,24,0.3997651149087365,0.7718120805369127,0.7803895231699127
randn_vecs,HCPTask,GraphConv,25,0.3972038091155887,0.7865771812080536,0.7830758898589657
randn_vecs,HCPTask,GraphConv,26,0.3983229046981059,0.72751677852349,0.7421087978509067
randn_vecs,HCPTask,GraphConv,27,0.3914207060452866,0.7986577181208053,0.8032236400268636
randn_vecs,HCPTask,GraphConv,28,0.3896760457787319,0.7932885906040269,0.796507723304231
randn_vecs,HCPTask,GraphConv,29,0.3850524991916635,0.8013422818791947,0.8059100067159167
randn_vecs,HCPTask,GraphConv,30,0.3865917557190741,0.7986577181208053,0.7971793149764943
randn_vecs,HCPTask,GraphConv,31,0.38321720578890656,0.8067114093959732,0.8112827400940228
randn_vecs,HCPTask,GraphConv,32,0.3844369726209408,0.7812080536912752,0.7877770315648086
randn_vecs,HCPTask,GraphConv,33,0.38090032787647055,0.7973154362416107,0.7918065815983881
randn_vecs,HCPTask,GraphConv,34,0.3747136659117801,0.8067114093959732,0.7951645399597045
randn_vecs,HCPTask,GraphConv,35,0.37124883435147354,0.789261744966443,0.7817327065144393
randn_vecs,HCPTask,GraphConv,36,0.37131292788166304,0.7946308724832215,0.8012088650100738
randn_vecs,HCPTask,GraphConv,37,0.3705001868769587,0.8214765100671141,0.8159838817998657
randn_vecs,HCPTask,GraphConv,38,0.36679073294560677,0.810738255033557,0.8186702484889188
randn_vecs,HCPTask,GraphConv,39,0.36490190365557523,0.8161073825503355,0.8119543317662861
randn_vecs,HCPTask,GraphConv,40,0.36398233914700273,0.8536912751677852,0.8509066487575554
randn_vecs,HCPTask,GraphConv,41,0.3651476037847856,0.8187919463087249,0.8193418401611821
randn_vecs,HCPTask,GraphConv,42,0.35971305766932266,0.8268456375838926,0.8260577568838147
randn_vecs,HCPTask,GraphConv,43,0.3561857312053791,0.836241610738255,0.8334452652787105
randn_vecs,HCPTask,GraphConv,44,0.35818113729623763,0.8174496644295302,0.8092679650772331
randn_vecs,HCPTask,GraphConv,45,0.35590122814346903,0.810738255033557,0.8179986568166555
randn_vecs,HCPTask,GraphConv,46,0.35208597667708375,0.8214765100671141,0.8294157152451309
randn_vecs,HCPTask,GraphConv,47,0.35090575599926727,0.8228187919463087,0.8092679650772331
randn_vecs,HCPTask,GraphConv,48,0.3473827318944728,0.8563758389261745,0.8388179986568166
randn_vecs,HCPTask,GraphConv,49,0.3492525683801402,0.8523489932885906,0.8522498321020819
randn_vecs,HCPTask,GraphConv,50,0.34547979207729096,0.8429530201342282,0.8415043653458697
randn_vecs,HCPTask,GraphConv,51,0.34240507136656334,0.8187919463087249,0.8213566151779718
randn_vecs,HCPTask,GraphConv,52,0.34519321354594884,0.8281879194630872,0.8274009402283412
randn_vecs,HCPTask,GraphConv,53,0.3390838513792671,0.8469798657718121,0.8495634654130289
randn_vecs,HCPTask,GraphConv,54,0.33819196816483027,0.8496644295302014,0.8495634654130289
randn_vecs,HCPTask,GraphConv,55,0.33573914913006125,0.8402684563758389,0.8274009402283412
randn_vecs,HCPTask,GraphConv,56,0.339331857392371,0.8617449664429531,0.8596373404969778
randn_vecs,HCPTask,GraphConv,57,0.3350034534622232,0.8389261744966443,0.847548690396239
randn_vecs,HCPTask,GraphConv,58,0.3344617601971087,0.8751677852348994,0.8663532572196104
randn_vecs,HCPTask,GraphConv,59,0.33164015697824173,0.8617449664429531,0.8535930154466085
randn_vecs,HCPTask,GraphConv,60,0.332944030598318,0.851006711409396,0.8462055070517126
randn_vecs,HCPTask,GraphConv,61,0.3345626492913613,0.8738255033557047,0.8690396239086635
randn_vecs,HCPTask,GraphConv,62,0.3280677658727975,0.876510067114094,0.865010073875084
randn_vecs,HCPTask,GraphConv,63,0.3240316328777647,0.8697986577181208,0.8609805238415044
randn_vecs,HCPTask,GraphConv,64,0.32776334301069204,0.8483221476510067,0.8515782404298187
randn_vecs,HCPTask,GraphConv,65,0.3232159491840812,0.8845637583892617,0.8683680322364002
randn_vecs,HCPTask,GraphConv,66,0.3199716644441356,0.8617449664429531,0.854936198791135
randn_vecs,HCPTask,GraphConv,67,0.3217823331244826,0.876510067114094,0.8690396239086635
randn_vecs,HCPTask,GraphConv,68,0.32026784418640314,0.8644295302013423,0.8495634654130289
randn_vecs,HCPTask,GraphConv,69,0.3225009945423458,0.897986577181208,0.8784419073203492
randn_vecs,HCPTask,GraphConv,70,0.31800006074556625,0.8684563758389262,0.8529214237743452
randn_vecs,HCPTask,GraphConv,71,0.3140976691365036,0.9020134228187919,0.8831430490261921
randn_vecs,HCPTask,GraphConv,72,0.3147550300836426,0.8885906040268456,0.8764271323035594
randn_vecs,HCPTask,GraphConv,73,0.3124368007797773,0.9073825503355705,0.8952316991269308
randn_vecs,HCPTask,GraphConv,74,0.31364352917872595,0.8818791946308725,0.8683680322364002
randn_vecs,HCPTask,GraphConv,75,0.3116531346496041,0.8912751677852349,0.880456682337139
randn_vecs,HCPTask,GraphConv,76,0.30978505858351574,0.8805369127516779,0.867696440564137
randn_vecs,HCPTask,GraphConv,77,0.3119252313062174,0.8832214765100671,0.8784419073203492
randn_vecs,HCPTask,GraphConv,78,0.30813190576713906,0.8993288590604027,0.8871725990597716
randn_vecs,HCPTask,GraphConv,79,0.3084875831541756,0.8966442953020134,0.8851578240429818
randn_vecs,HCPTask,GraphConv,80,0.30729715827331133,0.9248322147651007,0.9167226326393553
randn_vecs,HCPTask,GraphConv,81,0.30973805646494496,0.8711409395973154,0.865010073875084
randn_vecs,HCPTask,GraphConv,82,0.3082443886914073,0.9275167785234899,0.9140362659503022
randn_vecs,HCPTask,GraphConv,83,0.3020519607697368,0.8805369127516779,0.8764271323035594
randn_vecs,HCPTask,GraphConv,84,0.3064688389785094,0.9006711409395973,0.8871725990597716
randn_vecs,HCPTask,GraphConv,85,0.3013822802496771,0.8926174496644296,0.8831430490261921
randn_vecs,HCPTask,GraphConv,86,0.30211198864296224,0.8966442953020134,0.8898589657488247
randn_vecs,HCPTask,GraphConv,87,0.2973534458313823,0.9020134228187919,0.8945601074546675
randn_vecs,HCPTask,GraphConv,88,0.30002472831594623,0.9261744966442953,0.9093351242444594
randn_vecs,HCPTask,GraphConv,89,0.3016145701691248,0.9033557046979865,0.8965748824714573
randn_vecs,HCPTask,GraphConv,90,0.29793571000663077,0.9100671140939597,0.8952316991269308
randn_vecs,HCPTask,GraphConv,91,0.2987133042840725,0.9060402684563759,0.8959032907991941
randn_vecs,HCPTask,GraphConv,92,0.29683121021019565,0.8953020134228188,0.890530557421088
randn_vecs,HCPTask,GraphConv,93,0.2981549291675712,0.897986577181208,0.8858294157152451
randn_vecs,HCPTask,GraphConv,94,0.29733115135421906,0.8791946308724832,0.8690396239086635
randn_vecs,HCPTask,GraphConv,95,0.294785373606593,0.9060402684563759,0.9073203492276696
randn_vecs,HCPTask,GraphConv,96,0.29507595952332055,0.9114093959731544,0.9153794492948287
randn_vecs,HCPTask,GraphConv,97,0.29064935426905186,0.8939597315436242,0.890530557421088
randn_vecs,HCPTask,GraphConv,98,0.2924210207261836,0.9248322147651007,0.9234385493619879
randn_vecs,HCPTask,GraphConv,99,0.29276110943321715,0.9100671140939597,0.9106783075889859
randn_vecs,HCPTask,GeneralConv,0,0.5006799730373037,0.3812080536912752,0.37541974479516454
randn_vecs,HCPTask,GeneralConv,1,0.4867858377521842,0.45369127516778524,0.45601074546675624
randn_vecs,HCPTask,GeneralConv,2,0.479590173416665,0.47516778523489933,0.4983210208193418
randn_vecs,HCPTask,GeneralConv,3,0.4676056181910766,0.5624161073825503,0.5466756212222968
randn_vecs,HCPTask,GeneralConv,4,0.4671025938941046,0.5731543624161074,0.5721961047683009
randn_vecs,HCPTask,GeneralConv,5,0.4637533888795779,0.5906040268456376,0.5943586299529886
randn_vecs,HCPTask,GeneralConv,6,0.45834920909359445,0.5395973154362416,0.5271994627266622
randn_vecs,HCPTask,GeneralConv,7,0.45369578707719355,0.6577181208053692,0.6312961719274681
randn_vecs,HCPTask,GeneralConv,8,0.45054849504531974,0.636241610738255,0.6393552719946273
randn_vecs,HCPTask,GeneralConv,9,0.4464531020345558,0.6483221476510067,0.6453995970449966
randn_vecs,HCPTask,GeneralConv,10,0.4420949547916485,0.6993288590604027,0.6843519140362659
randn_vecs,HCPTask,GeneralConv,11,0.44199447307780737,0.6389261744966444,0.6306245802552048
randn_vecs,HCPTask,GeneralConv,12,0.43748247632597703,0.6604026845637584,0.6568166554734721
randn_vecs,HCPTask,GeneralConv,13,0.4356198669692838,0.6939597315436241,0.6924110141034251
randn_vecs,HCPTask,GeneralConv,14,0.43080725323606944,0.6926174496644295,0.6883814640698456
randn_vecs,HCPTask,GeneralConv,15,0.4288035251284589,0.7127516778523489,0.7098723975822699
randn_vecs,HCPTask,GeneralConv,16,0.42710695572928337,0.7771812080536913,0.7494963062458025
randn_vecs,HCPTask,GeneralConv,17,0.42461203020670335,0.7610738255033557,0.7642713230355943
randn_vecs,HCPTask,GeneralConv,18,0.42175453779999045,0.7583892617449665,0.7562122229684352
randn_vecs,HCPTask,GeneralConv,19,0.41629286194790527,0.7691275167785235,0.7501678979180658
randn_vecs,HCPTask,GeneralConv,20,0.4163773937723325,0.7704697986577181,0.7515110812625924
randn_vecs,HCPTask,GeneralConv,21,0.4093027005934354,0.7261744966442953,0.7239758226997985
randn_vecs,HCPTask,GeneralConv,22,0.4091625306308327,0.7288590604026846,0.7186030893216924
randn_vecs,HCPTask,GeneralConv,23,0.40564874931955364,0.8,0.7871054398925453
randn_vecs,HCPTask,GeneralConv,24,0.4055840591250145,0.7557046979865771,0.7535258562793822
randn_vecs,HCPTask,GeneralConv,25,0.40298859140286636,0.7395973154362416,0.7387508394895903
randn_vecs,HCPTask,GeneralConv,26,0.40095130977074045,0.8,0.8032236400268636
randn_vecs,HCPTask,GeneralConv,27,0.3995264651885667,0.8147651006711409,0.8025520483546004
randn_vecs,HCPTask,GeneralConv,28,0.39178287258622374,0.7838926174496644,0.7790463398253862
randn_vecs,HCPTask,GeneralConv,29,0.3910539731180217,0.8241610738255034,0.8079247817327065
randn_vecs,HCPTask,GeneralConv,30,0.38605606598276443,0.7932885906040269,0.7803895231699127
randn_vecs,HCPTask,GeneralConv,31,0.38667712570449675,0.8214765100671141,0.8099395567494964
randn_vecs,HCPTask,GeneralConv,32,0.3831749326964444,0.8067114093959732,0.7803895231699127
randn_vecs,HCPTask,GeneralConv,33,0.38650677455412175,0.8241610738255034,0.8119543317662861
randn_vecs,HCPTask,GeneralConv,34,0.37997585210078827,0.8013422818791947,0.7991940899932841
randn_vecs,HCPTask,GeneralConv,35,0.3781409522786345,0.8040268456375839,0.7877770315648086
randn_vecs,HCPTask,GeneralConv,36,0.3771717246399431,0.8147651006711409,0.8018804566823371
randn_vecs,HCPTask,GeneralConv,37,0.3750340893484164,0.876510067114094,0.8670248488918737
randn_vecs,HCPTask,GeneralConv,38,0.3681498843640873,0.8604026845637583,0.8522498321020819
randn_vecs,HCPTask,GeneralConv,39,0.3653575481300186,0.8080536912751678,0.8132975151108126
randn_vecs,HCPTask,GeneralConv,40,0.3658563306565522,0.8093959731543624,0.8126259234385493
randn_vecs,HCPTask,GeneralConv,41,0.36578813178636765,0.8308724832214766,0.8300873069173942
randn_vecs,HCPTask,GeneralConv,42,0.36132500778807175,0.8590604026845637,0.8509066487575554
randn_vecs,HCPTask,GeneralConv,43,0.3603301082377838,0.8228187919463087,0.8193418401611821
randn_vecs,HCPTask,GeneralConv,44,0.3567482824974587,0.8201342281879195,0.8132975151108126
randn_vecs,HCPTask,GeneralConv,45,0.35455673810593064,0.8577181208053691,0.857622565480188
randn_vecs,HCPTask,GeneralConv,46,0.35309654510874827,0.8711409395973154,0.867696440564137
randn_vecs,HCPTask,GeneralConv,47,0.3543749900073826,0.8671140939597315,0.8683680322364002
randn_vecs,HCPTask,GeneralConv,48,0.3522911230829861,0.8818791946308725,0.890530557421088
randn_vecs,HCPTask,GeneralConv,49,0.34972601998536595,0.8416107382550335,0.8388179986568166
randn_vecs,HCPTask,GeneralConv,50,0.34528478247164124,0.8536912751677852,0.8354600402955004
randn_vecs,HCPTask,GeneralConv,51,0.3465980417349902,0.8912751677852349,0.8858294157152451
randn_vecs,HCPTask,GeneralConv,52,0.34723140926090124,0.8322147651006712,0.8247145735392881
randn_vecs,HCPTask,GeneralConv,53,0.3439807895278491,0.8845637583892617,0.8891873740765615
randn_vecs,HCPTask,GeneralConv,54,0.34228752197883344,0.8671140939597315,0.857622565480188
randn_vecs,HCPTask,GeneralConv,55,0.3393712733523771,0.9114093959731544,0.9106783075889859
randn_vecs,HCPTask,GeneralConv,56,0.33655272905669575,0.9234899328859061,0.9200805910006716
randn_vecs,HCPTask,GeneralConv,57,0.33193465923709176,0.9046979865771813,0.8972464741437206
randn_vecs,HCPTask,GeneralConv,58,0.33512389645006174,0.8859060402684564,0.8871725990597716
randn_vecs,HCPTask,GeneralConv,59,0.3306337632117287,0.8630872483221477,0.8589657488247145
randn_vecs,HCPTask,GeneralConv,60,0.3292310180900238,0.8926174496644296,0.8945601074546675
randn_vecs,HCPTask,GeneralConv,61,0.33153183095444644,0.8684563758389262,0.8629952988582942
randn_vecs,HCPTask,GeneralConv,62,0.3281169929015108,0.8738255033557047,0.8757555406312961
randn_vecs,HCPTask,GeneralConv,63,0.325413740117208,0.9140939597315436,0.916051040967092
randn_vecs,HCPTask,GeneralConv,64,0.32541358645988944,0.9073825503355705,0.9053055742108798
randn_vecs,HCPTask,GeneralConv,65,0.31952835708988175,0.8778523489932886,0.8777703156480859
randn_vecs,HCPTask,GeneralConv,66,0.321840412810339,0.9248322147651007,0.9200805910006716
randn_vecs,HCPTask,GeneralConv,67,0.32357053785091583,0.9046979865771813,0.905977165883143
randn_vecs,HCPTask,GeneralConv,68,0.32043474543046574,0.9181208053691275,0.9214237743451981
randn_vecs,HCPTask,GeneralConv,69,0.3167522360196519,0.887248322147651,0.8972464741437206
randn_vecs,HCPTask,GeneralConv,70,0.3178753585372829,0.897986577181208,0.9073203492276696
randn_vecs,HCPTask,GeneralConv,71,0.3121093644315896,0.9181208053691275,0.9214237743451981
randn_vecs,HCPTask,GeneralConv,72,0.31101327451411903,0.897986577181208,0.8992612491605104
randn_vecs,HCPTask,GeneralConv,73,0.31531469322802536,0.9328859060402684,0.9274680993955675
randn_vecs,HCPTask,GeneralConv,74,0.31275934471258343,0.9100671140939597,0.9241101410342512
randn_vecs,HCPTask,GeneralConv,75,0.30769845489737946,0.9355704697986578,0.9294828744123573
randn_vecs,HCPTask,GeneralConv,76,0.3105328834304015,0.897986577181208,0.9120214909335125
randn_vecs,HCPTask,GeneralConv,77,0.30792119250596883,0.9087248322147651,0.8992612491605104
randn_vecs,HCPTask,GeneralConv,78,0.30437260973725855,0.8953020134228188,0.8979180658159839
randn_vecs,HCPTask,GeneralConv,79,0.3055350432116277,0.9261744966442953,0.931497649429147
randn_vecs,HCPTask,GeneralConv,80,0.3028608843023385,0.9194630872483222,0.9220953660174613
randn_vecs,HCPTask,GeneralConv,81,0.3012194374651661,0.9395973154362416,0.9429147078576225
randn_vecs,HCPTask,GeneralConv,82,0.30643504371705316,0.9208053691275168,0.9241101410342512
randn_vecs,HCPTask,GeneralConv,83,0.30408575613088124,0.9503355704697987,0.9456010745466756
randn_vecs,HCPTask,GeneralConv,84,0.3048492129852777,0.9221476510067114,0.9308260577568838
randn_vecs,HCPTask,GeneralConv,85,0.30114928747257863,0.9449664429530201,0.9476158495634655
randn_vecs,HCPTask,GeneralConv,86,0.2998732391749858,0.9221476510067114,0.9241101410342512
randn_vecs,HCPTask,GeneralConv,87,0.2973545045776224,0.9275167785234899,0.9321692411014103
randn_vecs,HCPTask,GeneralConv,88,0.29654149323513057,0.9167785234899329,0.9126930826057756
randn_vecs,HCPTask,GeneralConv,89,0.29821718485164517,0.9489932885906041,0.9523169912693082
randn_vecs,HCPTask,GeneralConv,90,0.29404179087342447,0.912751677852349,0.9247817327065144
randn_vecs,HCPTask,GeneralConv,91,0.29141471788278583,0.9449664429530201,0.951645399597045
randn_vecs,HCPTask,GeneralConv,92,0.2937808596463093,0.9288590604026845,0.9294828744123573
randn_vecs,HCPTask,GeneralConv,93,0.29068677357072037,0.9395973154362416,0.9449294828744124
randn_vecs,HCPTask,GeneralConv,94,0.2866972237281869,0.9328859060402684,0.9328408327736736
randn_vecs,HCPTask,GeneralConv,95,0.2901234959521617,0.934228187919463,0.9361987911349899
randn_vecs,HCPTask,GeneralConv,96,0.29181740574437154,0.9543624161073826,0.9543317662860981
randn_vecs,HCPTask,GeneralConv,97,0.2860188294701989,0.9530201342281879,0.9603760913364674
randn_vecs,HCPTask,GeneralConv,98,0.28291857145321897,0.912751677852349,0.9120214909335125
randn_vecs,HCPTask,GeneralConv,99,0.2879294128278598,0.934228187919463,0.9301544660846206
